date	config_id	strategy	variation	total_return	sharpe	max_drawdown	n_trades	win_rate	status
2026-05-26 03:01	DualMovingAverageCrossover_ablpfBASELINE_pfON_20260526_021326	DualMovingAverageCrossover	BASELINE_pfON	0.013078206145625382	0.09743342437962776	-0.07633560229666514	111		success
2026-05-26 03:01	DualMovingAverageCrossover_ablpfA_kronos_only_pfON_20260526_021326	DualMovingAverageCrossover	A_kronos_only_pfON	0.013078206145625382	0.09743342437962776	-0.07633560229666514	111		success
2026-05-26 03:01	DualMovingAverageCrossover_ablpfB_experimental_only_pfON_20260526_021326	DualMovingAverageCrossover	B_experimental_only_pfON	-0.06607122212331684	-0.5126264411568834	-0.0860102892900858	94		success
2026-05-26 03:01	DualMovingAverageCrossover_ablpfC_kronos_plus_experimental_pfON_20260526_021326	DualMovingAverageCrossover	C_kronos_plus_experimental_pfON	-0.06607122212331684	-0.5126264411568834	-0.0860102892900858	94		success
2026-05-26 03:01	DualMovingAverageCrossover_ablpfD_kronos_plus_vr_pfON_20260526_021326	DualMovingAverageCrossover	D_kronos_plus_vr_pfON	0.03710436138462514	0.315558982125358	-0.03392228072513803	101		success
2026-05-26 03:01	DualMovingAverageCrossover_ablpfE_kronos_plus_kyle_pfON_20260526_021326	DualMovingAverageCrossover	E_kronos_plus_kyle_pfON	-0.02506941559580267	-0.17029567297125855	-0.0536537236396627	113		success
2026-05-26 03:01	DualMovingAverageCrossover_ablpfF_kronos_plus_volaccel_pfON_20260526_021326	DualMovingAverageCrossover	F_kronos_plus_volaccel_pfON	-0.07745208928102265	-0.5926625639917785	-0.09824512778509065	87		success
2026-05-26 03:01	DualMovingAverageCrossover_ablpfG_all_no_microstructure_pfON_20260526_021326	DualMovingAverageCrossover	G_all_no_microstructure_pfON	-0.08269393367149092	-0.6080767939728039	-0.09736270495088006	100		success
2026-05-26 03:01	DualMovingAverageCrossover_ablpfH_all_prefilter_aggressive_pfON_20260526_021326	DualMovingAverageCrossover	H_all_prefilter_aggressive_pfON	-0.05024427272861809	-0.5859151456005648	-0.07038885279334028	87		success
2026-05-26 03:01	DualMovingAverageCrossover_ablpfI_kronos_top2_noprefilter_pfON_20260526_021326	DualMovingAverageCrossover	I_kronos_top2_noprefilter_pfON	0.03710436138462514	0.315558982125358	-0.03392228072513803	101		success
2026-05-26 03:01	DualMovingAverageCrossover_ablpfJ_minimal_kronos_core_pfON_20260526_021326	DualMovingAverageCrossover	J_minimal_kronos_core_pfON	-0.03674961072708882	-0.258316403320744	-0.08450602579773081	96		success
2026-05-26 03:01	HypothesisH110BollingerKyleGate_ablpfBASELINE_pfON_20260526_021326	HypothesisH110BollingerKyleGate	BASELINE_pfON	0.06648340560393606	0.43366263049343456	-0.06812221731019119	130		success
2026-05-26 03:01	HypothesisH110BollingerKyleGate_ablpfA_kronos_only_pfON_20260526_021326	HypothesisH110BollingerKyleGate	A_kronos_only_pfON	0.06648340560393606	0.43366263049343456	-0.06812221731019119	130		success
2026-05-26 03:01	HypothesisH110BollingerKyleGate_ablpfB_experimental_only_pfON_20260526_021326	HypothesisH110BollingerKyleGate	B_experimental_only_pfON	0.06648340560393606	0.43366263049343456	-0.06812221731019119	130		success
2026-05-26 03:01	HypothesisH110BollingerKyleGate_ablpfC_kronos_plus_experimental_pfON_20260526_021326	HypothesisH110BollingerKyleGate	C_kronos_plus_experimental_pfON	0.05774427386373948	0.3896116175987115	-0.06589168770472065	127		success
2026-05-26 03:01	HypothesisH110BollingerKyleGate_ablpfD_kronos_plus_vr_pfON_20260526_021326	HypothesisH110BollingerKyleGate	D_kronos_plus_vr_pfON	0.013763154274377687	0.09446868716773607	-0.0756445755807309	127		success
2026-05-26 03:01	HypothesisH110BollingerKyleGate_ablpfE_kronos_plus_kyle_pfON_20260526_021326	HypothesisH110BollingerKyleGate	E_kronos_plus_kyle_pfON	0.05774427386373948	0.3896116175987115	-0.06589168770472065	127		success
2026-05-26 03:01	HypothesisH110BollingerKyleGate_ablpfF_kronos_plus_volaccel_pfON_20260526_021326	HypothesisH110BollingerKyleGate	F_kronos_plus_volaccel_pfON	0.05774427386373948	0.3896116175987115	-0.06589168770472065	127		success
2026-05-26 03:01	HypothesisH110BollingerKyleGate_ablpfG_all_no_microstructure_pfON_20260526_021326	HypothesisH110BollingerKyleGate	G_all_no_microstructure_pfON	0.016606937759674034	0.1212614498048461	-0.0756445755807309	119		success
2026-05-26 03:01	HypothesisH110BollingerKyleGate_ablpfH_all_prefilter_aggressive_pfON_20260526_021326	HypothesisH110BollingerKyleGate	H_all_prefilter_aggressive_pfON	0.00037306128293868035	-0.02648336702604686	-0.04268318205799815	119		success
2026-05-26 03:01	HypothesisH110BollingerKyleGate_ablpfI_kronos_top2_noprefilter_pfON_20260526_021326	HypothesisH110BollingerKyleGate	I_kronos_top2_noprefilter_pfON	-0.0234209556401892	-0.23006441316838755	-0.06569214213804953	149		success
2026-05-26 03:01	HypothesisH110BollingerKyleGate_ablpfJ_minimal_kronos_core_pfON_20260526_021326	HypothesisH110BollingerKyleGate	J_minimal_kronos_core_pfON	-0.0234209556401892	-0.23006441316838755	-0.06569214213804953	149		success
2026-05-26 03:01	HypothesisH136GoldenDeathCrossAsym_ablpfBASELINE_pfON_20260526_021326	HypothesisH136GoldenDeathCrossAsym	BASELINE_pfON	0.022504292633777068	0.23252877422171636	-0.01986727679139033	54		success
2026-05-26 03:01	HypothesisH136GoldenDeathCrossAsym_ablpfA_kronos_only_pfON_20260526_021326	HypothesisH136GoldenDeathCrossAsym	A_kronos_only_pfON	0.022504292633777068	0.23252877422171636	-0.01986727679139033	54		success
2026-05-26 03:01	HypothesisH136GoldenDeathCrossAsym_ablpfB_experimental_only_pfON_20260526_021326	HypothesisH136GoldenDeathCrossAsym	B_experimental_only_pfON	0.028793928824091708	0.5055296996924309	-0.012379912887709454	24		success
2026-05-26 03:01	HypothesisH136GoldenDeathCrossAsym_ablpfC_kronos_plus_experimental_pfON_20260526_021326	HypothesisH136GoldenDeathCrossAsym	C_kronos_plus_experimental_pfON	0.01056201409290991	0.1400174008975395	-0.021341143626312675	42		success
2026-05-26 03:01	HypothesisH136GoldenDeathCrossAsym_ablpfD_kronos_plus_vr_pfON_20260526_021326	HypothesisH136GoldenDeathCrossAsym	D_kronos_plus_vr_pfON	0.005648013710825461	7.760591482784901e-05	-0.037120761458680374	89		success
2026-05-26 03:01	HypothesisH136GoldenDeathCrossAsym_ablpfE_kronos_plus_kyle_pfON_20260526_021326	HypothesisH136GoldenDeathCrossAsym	E_kronos_plus_kyle_pfON	0.01056201409290991	0.1400174008975395	-0.021341143626312675	42		success
2026-05-26 03:01	HypothesisH136GoldenDeathCrossAsym_ablpfF_kronos_plus_volaccel_pfON_20260526_021326	HypothesisH136GoldenDeathCrossAsym	F_kronos_plus_volaccel_pfON	0.01056201409290991	0.1400174008975395	-0.021341143626312675	42		success
2026-05-26 03:01	HypothesisH136GoldenDeathCrossAsym_ablpfG_all_no_microstructure_pfON_20260526_021326	HypothesisH136GoldenDeathCrossAsym	G_all_no_microstructure_pfON	-0.0015980227603762387	-0.04978934151190093	-0.020552652177210917	55		success
2026-05-26 03:01	HypothesisH136GoldenDeathCrossAsym_ablpfH_all_prefilter_aggressive_pfON_20260526_021326	HypothesisH136GoldenDeathCrossAsym	H_all_prefilter_aggressive_pfON	0.01168352574200604	0.17087343143733966	-0.017956643611037104	35		success
2026-05-26 03:01	HypothesisH136GoldenDeathCrossAsym_ablpfI_kronos_top2_noprefilter_pfON_20260526_021326	HypothesisH136GoldenDeathCrossAsym	I_kronos_top2_noprefilter_pfON	0.01168352574200604	0.17087343143733966	-0.017956643611037104	35		success
2026-05-26 03:01	HypothesisH136GoldenDeathCrossAsym_ablpfJ_minimal_kronos_core_pfON_20260526_021326	HypothesisH136GoldenDeathCrossAsym	J_minimal_kronos_core_pfON	0.004766771035270345	0.02343140160853944	-0.03553144369033501	125		success
2026-05-26 03:01	HypothesisH167BollingerRangingOFIGate_ablpfBASELINE_pfON_20260526_021326	HypothesisH167BollingerRangingOFIGate	BASELINE_pfON	0.0358496903770853	0.19611525777393327	-0.04291715923405892	117		success
2026-05-26 03:01	HypothesisH167BollingerRangingOFIGate_ablpfA_kronos_only_pfON_20260526_021326	HypothesisH167BollingerRangingOFIGate	A_kronos_only_pfON	0.03242023911028302	0.176356911748122	-0.03813448696896371	113		success
2026-05-26 03:01	HypothesisH167BollingerRangingOFIGate_ablpfB_experimental_only_pfON_20260526_021326	HypothesisH167BollingerRangingOFIGate	B_experimental_only_pfON	0.03242023911028302	0.176356911748122	-0.03813448696896371	113		success
2026-05-26 03:01	HypothesisH167BollingerRangingOFIGate_ablpfC_kronos_plus_experimental_pfON_20260526_021326	HypothesisH167BollingerRangingOFIGate	C_kronos_plus_experimental_pfON	0.03242023911028302	0.176356911748122	-0.03813448696896371	113		success
2026-05-26 03:01	HypothesisH167BollingerRangingOFIGate_ablpfD_kronos_plus_vr_pfON_20260526_021326	HypothesisH167BollingerRangingOFIGate	D_kronos_plus_vr_pfON	-0.03863584304612877	-0.36316718734544584	-0.07491346024904377	98		success
2026-05-26 03:01	HypothesisH167BollingerRangingOFIGate_ablpfE_kronos_plus_kyle_pfON_20260526_021326	HypothesisH167BollingerRangingOFIGate	E_kronos_plus_kyle_pfON	0.020096732449428778	0.08365082519413687	-0.03813448696896371	111		success
2026-05-26 03:01	HypothesisH167BollingerRangingOFIGate_ablpfF_kronos_plus_volaccel_pfON_20260526_021326	HypothesisH167BollingerRangingOFIGate	F_kronos_plus_volaccel_pfON	0.030572235993265418	0.16736197998400246	-0.03813448696896371	116		success
2026-05-26 03:01	HypothesisH167BollingerRangingOFIGate_ablpfG_all_no_microstructure_pfON_20260526_021326	HypothesisH167BollingerRangingOFIGate	G_all_no_microstructure_pfON	0.017670038062535198	0.06834653448471749	-0.05658097119645411	115		success
2026-05-26 03:01	HypothesisH167BollingerRangingOFIGate_ablpfH_all_prefilter_aggressive_pfON_20260526_021326	HypothesisH167BollingerRangingOFIGate	H_all_prefilter_aggressive_pfON	0.036579094458231376	0.1796440523065157	-0.04372864383208319	162		success
2026-05-26 03:01	HypothesisH167BollingerRangingOFIGate_ablpfI_kronos_top2_noprefilter_pfON_20260526_021326	HypothesisH167BollingerRangingOFIGate	I_kronos_top2_noprefilter_pfON	0.036579094458231376	0.1796440523065157	-0.04372864383208319	162		success
2026-05-26 03:01	HypothesisH167BollingerRangingOFIGate_ablpfJ_minimal_kronos_core_pfON_20260526_021326	HypothesisH167BollingerRangingOFIGate	J_minimal_kronos_core_pfON	0.036579094458231376	0.1796440523065157	-0.04372864383208319	162		success
2026-05-26 03:01	HypothesisH203VolExpansionEntry_ablpfBASELINE_pfON_20260526_021326	HypothesisH203VolExpansionEntry	BASELINE_pfON	0.10166603152629872	0.5421828447111098	-0.022152967551614222	117		success
2026-05-26 03:01	HypothesisH203VolExpansionEntry_ablpfA_kronos_only_pfON_20260526_021326	HypothesisH203VolExpansionEntry	A_kronos_only_pfON	0.10166603152629872	0.5421828447111098	-0.022152967551614222	117		success
2026-05-26 03:01	HypothesisH203VolExpansionEntry_ablpfB_experimental_only_pfON_20260526_021326	HypothesisH203VolExpansionEntry	B_experimental_only_pfON	0.02112186928528148	0.04326569039069446	-0.05539108311320151	172		success
2026-05-26 03:01	HypothesisH203VolExpansionEntry_ablpfC_kronos_plus_experimental_pfON_20260526_021326	HypothesisH203VolExpansionEntry	C_kronos_plus_experimental_pfON	0.02112186928528148	0.04326569039069446	-0.05539108311320151	172		success
2026-05-26 03:01	HypothesisH203VolExpansionEntry_ablpfD_kronos_plus_vr_pfON_20260526_021326	HypothesisH203VolExpansionEntry	D_kronos_plus_vr_pfON	0.10166603152629872	0.5421828447111098	-0.022152967551614222	117		success
2026-05-26 03:01	HypothesisH203VolExpansionEntry_ablpfE_kronos_plus_kyle_pfON_20260526_021326	HypothesisH203VolExpansionEntry	E_kronos_plus_kyle_pfON	0.0717592484615992	0.3791730323797253	-0.03282541369163616	115		success
2026-05-26 03:01	HypothesisH203VolExpansionEntry_ablpfF_kronos_plus_volaccel_pfON_20260526_021326	HypothesisH203VolExpansionEntry	F_kronos_plus_volaccel_pfON	0.04601665115288678	0.21222052817518708	-0.035130542415098276	119		success
2026-05-26 03:01	HypothesisH203VolExpansionEntry_ablpfG_all_no_microstructure_pfON_20260526_021326	HypothesisH203VolExpansionEntry	G_all_no_microstructure_pfON	0.05754212644419443	0.268354189875727	-0.03584461857520327	133		success
2026-05-26 03:01	HypothesisH203VolExpansionEntry_ablpfH_all_prefilter_aggressive_pfON_20260526_021326	HypothesisH203VolExpansionEntry	H_all_prefilter_aggressive_pfON	-0.05439120135858644	-0.2826671628940868	-0.0987531762350895	173		success
2026-05-26 03:01	HypothesisH203VolExpansionEntry_ablpfI_kronos_top2_noprefilter_pfON_20260526_021326	HypothesisH203VolExpansionEntry	I_kronos_top2_noprefilter_pfON	-0.05439120135858644	-0.2826671628940868	-0.0987531762350895	173		success
2026-05-26 03:01	HypothesisH203VolExpansionEntry_ablpfJ_minimal_kronos_core_pfON_20260526_021326	HypothesisH203VolExpansionEntry	J_minimal_kronos_core_pfON	-0.05439120135858644	-0.2826671628940868	-0.0987531762350895	173		success
2026-05-26 03:01	HypothesisH236MomentumReversalAsym_ablpfBASELINE_pfON_20260526_021326	HypothesisH236MomentumReversalAsym	BASELINE_pfON	0.018794972506241736	-0.10642620757576221	-0.04670026753397294	188		success
2026-05-26 03:01	HypothesisH236MomentumReversalAsym_ablpfA_kronos_only_pfON_20260526_021326	HypothesisH236MomentumReversalAsym	A_kronos_only_pfON	0.018794972506241736	-0.10642620757576221	-0.04670026753397294	188		success
2026-05-26 03:01	HypothesisH236MomentumReversalAsym_ablpfB_experimental_only_pfON_20260526_021326	HypothesisH236MomentumReversalAsym	B_experimental_only_pfON	0.08091239951288509	0.21019673752233003	-0.061081965736407784	200		success
2026-05-26 03:01	HypothesisH236MomentumReversalAsym_ablpfC_kronos_plus_experimental_pfON_20260526_021326	HypothesisH236MomentumReversalAsym	C_kronos_plus_experimental_pfON	0.018794972506241736	-0.10642620757576221	-0.04670026753397294	188		success
2026-05-26 03:01	HypothesisH236MomentumReversalAsym_ablpfD_kronos_plus_vr_pfON_20260526_021326	HypothesisH236MomentumReversalAsym	D_kronos_plus_vr_pfON	0.018794972506241736	-0.10642620757576221	-0.04670026753397294	188		success
2026-05-26 03:01	HypothesisH236MomentumReversalAsym_ablpfE_kronos_plus_kyle_pfON_20260526_021326	HypothesisH236MomentumReversalAsym	E_kronos_plus_kyle_pfON	0.07483328714463644	0.18958800236248963	-0.04523787577044269	195		success
2026-05-26 03:01	HypothesisH236MomentumReversalAsym_ablpfF_kronos_plus_volaccel_pfON_20260526_021326	HypothesisH236MomentumReversalAsym	F_kronos_plus_volaccel_pfON	0.058625190058237964	0.1657993732690226	-0.048244307383034646	166		success
2026-05-26 03:01	HypothesisH236MomentumReversalAsym_ablpfG_all_no_microstructure_pfON_20260526_021326	HypothesisH236MomentumReversalAsym	G_all_no_microstructure_pfON	0.07483328714463644	0.18958800236248963	-0.04523787577044269	195		success
2026-05-26 03:01	HypothesisH236MomentumReversalAsym_ablpfH_all_prefilter_aggressive_pfON_20260526_021326	HypothesisH236MomentumReversalAsym	H_all_prefilter_aggressive_pfON	0.06306541647790675	0.1789629542859555	-0.050404707573802554	159		success
2026-05-26 03:01	HypothesisH236MomentumReversalAsym_ablpfI_kronos_top2_noprefilter_pfON_20260526_021326	HypothesisH236MomentumReversalAsym	I_kronos_top2_noprefilter_pfON	0.017811070804058193	-0.1516489237026873	-0.05107115829575504	253		success
2026-05-26 03:01	HypothesisH236MomentumReversalAsym_ablpfJ_minimal_kronos_core_pfON_20260526_021326	HypothesisH236MomentumReversalAsym	J_minimal_kronos_core_pfON	0.017811070804058193	-0.1516489237026873	-0.05107115829575504	253		success
2026-05-26 03:01	HypothesisH318TrendlineChannelSqueeze_ablpfBASELINE_pfON_20260526_021326	HypothesisH318TrendlineChannelSqueeze	BASELINE_pfON	0.014012868735570505	0.08021696464561696	-0.057530419274737676	167		success
2026-05-26 03:01	HypothesisH318TrendlineChannelSqueeze_ablpfA_kronos_only_pfON_20260526_021326	HypothesisH318TrendlineChannelSqueeze	A_kronos_only_pfON	0.014012868735570505	0.08021696464561696	-0.057530419274737676	167		success
2026-05-26 03:01	HypothesisH318TrendlineChannelSqueeze_ablpfB_experimental_only_pfON_20260526_021326	HypothesisH318TrendlineChannelSqueeze	B_experimental_only_pfON	-0.039503764259640306	-0.30625060390930403	-0.06286498576452959	123		success
2026-05-26 03:01	HypothesisH318TrendlineChannelSqueeze_ablpfC_kronos_plus_experimental_pfON_20260526_021326	HypothesisH318TrendlineChannelSqueeze	C_kronos_plus_experimental_pfON	-0.039503764259640306	-0.30625060390930403	-0.06286498576452959	123		success
2026-05-26 03:01	HypothesisH318TrendlineChannelSqueeze_ablpfD_kronos_plus_vr_pfON_20260526_021326	HypothesisH318TrendlineChannelSqueeze	D_kronos_plus_vr_pfON	-0.022765883989711022	-0.1841296860722242	-0.05151815342748711	148		success
2026-05-26 03:01	HypothesisH318TrendlineChannelSqueeze_ablpfE_kronos_plus_kyle_pfON_20260526_021326	HypothesisH318TrendlineChannelSqueeze	E_kronos_plus_kyle_pfON	-0.025850609155245063	-0.27381205379247797	-0.058192304159029096	139		success
2026-05-26 03:01	HypothesisH318TrendlineChannelSqueeze_ablpfF_kronos_plus_volaccel_pfON_20260526_021326	HypothesisH318TrendlineChannelSqueeze	F_kronos_plus_volaccel_pfON	-0.00675805527158746	-0.09646212103249834	-0.050002303419500516	140		success
2026-05-26 03:01	HypothesisH318TrendlineChannelSqueeze_ablpfG_all_no_microstructure_pfON_20260526_021326	HypothesisH318TrendlineChannelSqueeze	G_all_no_microstructure_pfON	-0.025850609155245063	-0.27381205379247797	-0.058192304159029096	139		success
2026-05-26 03:01	HypothesisH318TrendlineChannelSqueeze_ablpfH_all_prefilter_aggressive_pfON_20260526_021326	HypothesisH318TrendlineChannelSqueeze	H_all_prefilter_aggressive_pfON	-0.00675805527158746	-0.09646212103249834	-0.050002303419500516	140		success
2026-05-26 03:01	HypothesisH318TrendlineChannelSqueeze_ablpfI_kronos_top2_noprefilter_pfON_20260526_021326	HypothesisH318TrendlineChannelSqueeze	I_kronos_top2_noprefilter_pfON	-0.022765883989711022	-0.1841296860722242	-0.05151815342748711	148		success
2026-05-26 03:01	HypothesisH318TrendlineChannelSqueeze_ablpfJ_minimal_kronos_core_pfON_20260526_021326	HypothesisH318TrendlineChannelSqueeze	J_minimal_kronos_core_pfON	0.008741092250379001	-0.001170840553581817	-0.050864061249783266	190		success
2026-05-26 03:01	HypothesisH371MaxMinDualTriggerFreq_ablpfBASELINE_pfON_20260526_021326	HypothesisH371MaxMinDualTriggerFreq	BASELINE_pfON	-0.0006519826920481364	-0.11744028561979769	-0.0740298960217991	160		success
2026-05-26 03:01	HypothesisH371MaxMinDualTriggerFreq_ablpfA_kronos_only_pfON_20260526_021326	HypothesisH371MaxMinDualTriggerFreq	A_kronos_only_pfON	-0.0006519826920481364	-0.11744028561979769	-0.0740298960217991	160		success
2026-05-26 03:01	HypothesisH371MaxMinDualTriggerFreq_ablpfB_experimental_only_pfON_20260526_021326	HypothesisH371MaxMinDualTriggerFreq	B_experimental_only_pfON	0.019253149784256074	-0.055482067380205106	-0.05534842185215838	110		success
2026-05-26 03:01	HypothesisH371MaxMinDualTriggerFreq_ablpfC_kronos_plus_experimental_pfON_20260526_021326	HypothesisH371MaxMinDualTriggerFreq	C_kronos_plus_experimental_pfON	0.014457455942221475	0.09390021537000989	-0.027476756351230147	45		success
2026-05-26 03:01	HypothesisH371MaxMinDualTriggerFreq_ablpfD_kronos_plus_vr_pfON_20260526_021326	HypothesisH371MaxMinDualTriggerFreq	D_kronos_plus_vr_pfON	0.014457455942221475	0.09390021537000989	-0.027476756351230147	45		success
2026-05-26 03:01	HypothesisH371MaxMinDualTriggerFreq_ablpfE_kronos_plus_kyle_pfON_20260526_021326	HypothesisH371MaxMinDualTriggerFreq	E_kronos_plus_kyle_pfON	-0.0512076611455643	-0.5204574782839787	-0.0895958203681454	148		success
2026-05-26 03:01	HypothesisH371MaxMinDualTriggerFreq_ablpfF_kronos_plus_volaccel_pfON_20260526_021326	HypothesisH371MaxMinDualTriggerFreq	F_kronos_plus_volaccel_pfON	-0.009153490438291723	-0.13713461098780072	-0.09503211889895413	143		success
2026-05-26 03:01	HypothesisH371MaxMinDualTriggerFreq_ablpfG_all_no_microstructure_pfON_20260526_021326	HypothesisH371MaxMinDualTriggerFreq	G_all_no_microstructure_pfON	-0.047991405832479406	-0.8335677419307351	-0.08075266223876099	180		success
2026-05-26 03:01	HypothesisH371MaxMinDualTriggerFreq_ablpfH_all_prefilter_aggressive_pfON_20260526_021326	HypothesisH371MaxMinDualTriggerFreq	H_all_prefilter_aggressive_pfON	-0.047991405832479406	-0.8335677419307351	-0.08075266223876099	180		success
2026-05-26 03:01	HypothesisH371MaxMinDualTriggerFreq_ablpfI_kronos_top2_noprefilter_pfON_20260526_021326	HypothesisH371MaxMinDualTriggerFreq	I_kronos_top2_noprefilter_pfON	0.0050212532530140574	-0.13528902842831417	-0.03909440236005468	56		success
2026-05-26 03:01	HypothesisH371MaxMinDualTriggerFreq_ablpfJ_minimal_kronos_core_pfON_20260526_021326	HypothesisH371MaxMinDualTriggerFreq	J_minimal_kronos_core_pfON	-0.021702376277230373	-0.5205772616029404	-0.04350817119915518	56		success
2026-05-26 03:01	HypothesisH37DynamicGridInformedGate_ablpfBASELINE_pfON_20260526_021326	HypothesisH37DynamicGridInformedGate	BASELINE_pfON	0.08946899756261928	0.6164094563066514	-0.03458640645858746	87		success
2026-05-26 03:01	HypothesisH37DynamicGridInformedGate_ablpfA_kronos_only_pfON_20260526_021326	HypothesisH37DynamicGridInformedGate	A_kronos_only_pfON	0.08946899756261928	0.6164094563066514	-0.03458640645858746	87		success
2026-05-26 03:01	HypothesisH37DynamicGridInformedGate_ablpfB_experimental_only_pfON_20260526_021326	HypothesisH37DynamicGridInformedGate	B_experimental_only_pfON	0.12002035283002477	0.779280714644655	-0.02234328372770633	82		success
2026-05-26 03:01	HypothesisH37DynamicGridInformedGate_ablpfC_kronos_plus_experimental_pfON_20260526_021326	HypothesisH37DynamicGridInformedGate	C_kronos_plus_experimental_pfON	0.12002035283002477	0.779280714644655	-0.02234328372770633	82		success
2026-05-26 03:01	HypothesisH37DynamicGridInformedGate_ablpfD_kronos_plus_vr_pfON_20260526_021326	HypothesisH37DynamicGridInformedGate	D_kronos_plus_vr_pfON	0.08804603201809269	0.6185612542564851	-0.03021928592716283	88		success
2026-05-26 03:01	HypothesisH37DynamicGridInformedGate_ablpfE_kronos_plus_kyle_pfON_20260526_021326	HypothesisH37DynamicGridInformedGate	E_kronos_plus_kyle_pfON	0.10446030161889186	0.7942271357322137	-0.024038805126141427	69		success
2026-05-26 03:01	HypothesisH37DynamicGridInformedGate_ablpfF_kronos_plus_volaccel_pfON_20260526_021326	HypothesisH37DynamicGridInformedGate	F_kronos_plus_volaccel_pfON	0.08661305941226094	0.5797328482637258	-0.032318165346742034	85		success
2026-05-26 03:01	HypothesisH37DynamicGridInformedGate_ablpfG_all_no_microstructure_pfON_20260526_021326	HypothesisH37DynamicGridInformedGate	G_all_no_microstructure_pfON	0.06308875011521997	0.4436113916587107	-0.0417388809877417	82		success
2026-05-26 03:01	HypothesisH37DynamicGridInformedGate_ablpfH_all_prefilter_aggressive_pfON_20260526_021326	HypothesisH37DynamicGridInformedGate	H_all_prefilter_aggressive_pfON	0.06308875011521997	0.4436113916587107	-0.0417388809877417	82		success
2026-05-26 03:01	HypothesisH37DynamicGridInformedGate_ablpfI_kronos_top2_noprefilter_pfON_20260526_021326	HypothesisH37DynamicGridInformedGate	I_kronos_top2_noprefilter_pfON	0.08804603201809269	0.6185612542564851	-0.03021928592716283	88		success
2026-05-26 03:01	HypothesisH37DynamicGridInformedGate_ablpfJ_minimal_kronos_core_pfON_20260526_021326	HypothesisH37DynamicGridInformedGate	J_minimal_kronos_core_pfON	0.04694131346457042	0.341699160117057	-0.0417388809877417	79		success
2026-05-26 03:01	HypothesisH426RSIGarchBullBear_ablpfBASELINE_pfON_20260526_021326	HypothesisH426RSIGarchBullBear	BASELINE_pfON	0.02345440156992229	0.011058160847626036	-0.03783782031256133	66		success
2026-05-26 03:01	HypothesisH426RSIGarchBullBear_ablpfA_kronos_only_pfON_20260526_021326	HypothesisH426RSIGarchBullBear	A_kronos_only_pfON	0.02345440156992229	0.011058160847626036	-0.03783782031256133	66		success
2026-05-26 03:01	HypothesisH426RSIGarchBullBear_ablpfB_experimental_only_pfON_20260526_021326	HypothesisH426RSIGarchBullBear	B_experimental_only_pfON	0.03346990178818099	0.02114049028634926	-0.02999279354022466	97		success
2026-05-26 03:01	HypothesisH426RSIGarchBullBear_ablpfC_kronos_plus_experimental_pfON_20260526_021326	HypothesisH426RSIGarchBullBear	C_kronos_plus_experimental_pfON	0.05784152405900289	0.4254484944785042	-0.018258266314466365	55		success
2026-05-26 03:01	HypothesisH426RSIGarchBullBear_ablpfD_kronos_plus_vr_pfON_20260526_021326	HypothesisH426RSIGarchBullBear	D_kronos_plus_vr_pfON	0.05784152405900289	0.4254484944785042	-0.018258266314466365	55		success
2026-05-26 03:01	HypothesisH426RSIGarchBullBear_ablpfE_kronos_plus_kyle_pfON_20260526_021326	HypothesisH426RSIGarchBullBear	E_kronos_plus_kyle_pfON	0.02995544869765654	0.048596445731958315	-0.054315797896826834	123		success
2026-05-26 03:01	HypothesisH426RSIGarchBullBear_ablpfF_kronos_plus_volaccel_pfON_20260526_021326	HypothesisH426RSIGarchBullBear	F_kronos_plus_volaccel_pfON	0.007125242011171817	-0.022496126527541155	-0.029407225569182627	21		success
2026-05-26 03:01	HypothesisH426RSIGarchBullBear_ablpfG_all_no_microstructure_pfON_20260526_021326	HypothesisH426RSIGarchBullBear	G_all_no_microstructure_pfON	0.06920784701467197	0.09540316971163729	-0.029992793540223328	156		success
2026-05-26 03:01	HypothesisH426RSIGarchBullBear_ablpfH_all_prefilter_aggressive_pfON_20260526_021326	HypothesisH426RSIGarchBullBear	H_all_prefilter_aggressive_pfON	0.0031602085762076904	-0.045882380301277184	-0.02080389044190345	22		success
2026-05-26 03:01	HypothesisH426RSIGarchBullBear_ablpfI_kronos_top2_noprefilter_pfON_20260526_021326	HypothesisH426RSIGarchBullBear	I_kronos_top2_noprefilter_pfON	0.02900610798445169	0.10245511746213125	-0.023730962618140006	59		success
2026-05-26 03:01	HypothesisH426RSIGarchBullBear_ablpfJ_minimal_kronos_core_pfON_20260526_021326	HypothesisH426RSIGarchBullBear	J_minimal_kronos_core_pfON	0.00624202162517884	-0.12819698513426733	-0.023354165663327597	63		success
2026-05-26 03:01	HypothesisH434MaxMinDualHorizon_ablpfBASELINE_pfON_20260526_021326	HypothesisH434MaxMinDualHorizon	BASELINE_pfON	0.05285090065842968	0.15116139677267737	-0.039129975953168694	112		success
2026-05-26 03:01	HypothesisH434MaxMinDualHorizon_ablpfA_kronos_only_pfON_20260526_021326	HypothesisH434MaxMinDualHorizon	A_kronos_only_pfON	0.05285090065842968	0.15116139677267737	-0.039129975953168694	112		success
2026-05-26 03:01	HypothesisH434MaxMinDualHorizon_ablpfB_experimental_only_pfON_20260526_021326	HypothesisH434MaxMinDualHorizon	B_experimental_only_pfON	0.05695664454560734	0.14862042722788907	-0.03426466340747014	137		success
2026-05-26 03:01	HypothesisH434MaxMinDualHorizon_ablpfC_kronos_plus_experimental_pfON_20260526_021326	HypothesisH434MaxMinDualHorizon	C_kronos_plus_experimental_pfON	0.05695664454560734	0.14862042722788907	-0.03426466340747014	137		success
2026-05-26 03:01	HypothesisH434MaxMinDualHorizon_ablpfD_kronos_plus_vr_pfON_20260526_021326	HypothesisH434MaxMinDualHorizon	D_kronos_plus_vr_pfON	0.07530740225777	0.28178597978425135	-0.03689662752801082	128		success
2026-05-26 03:01	HypothesisH434MaxMinDualHorizon_ablpfE_kronos_plus_kyle_pfON_20260526_021326	HypothesisH434MaxMinDualHorizon	E_kronos_plus_kyle_pfON	0.01129734970282481	-0.0911527671522373	-0.03614286103099296	100		success
2026-05-26 03:01	HypothesisH434MaxMinDualHorizon_ablpfF_kronos_plus_volaccel_pfON_20260526_021326	HypothesisH434MaxMinDualHorizon	F_kronos_plus_volaccel_pfON	0.05543602947916226	0.19574399826046152	-0.028667726510893998	105		success
2026-05-26 03:01	HypothesisH434MaxMinDualHorizon_ablpfG_all_no_microstructure_pfON_20260526_021326	HypothesisH434MaxMinDualHorizon	G_all_no_microstructure_pfON	0.06563782044450961	0.25735252281970267	-0.036147320282998385	103		success
2026-05-26 03:01	HypothesisH434MaxMinDualHorizon_ablpfH_all_prefilter_aggressive_pfON_20260526_021326	HypothesisH434MaxMinDualHorizon	H_all_prefilter_aggressive_pfON	0.020780541164443944	-0.009082340777869345	-0.013677552302890472	72		success
2026-05-26 03:01	HypothesisH434MaxMinDualHorizon_ablpfI_kronos_top2_noprefilter_pfON_20260526_021326	HypothesisH434MaxMinDualHorizon	I_kronos_top2_noprefilter_pfON	0.0005962687753915397	-0.11409695835478659	-0.06530530135462498	104		success
2026-05-26 03:01	HypothesisH434MaxMinDualHorizon_ablpfJ_minimal_kronos_core_pfON_20260526_021326	HypothesisH434MaxMinDualHorizon	J_minimal_kronos_core_pfON	0.03471191007441243	0.07468607747769157	-0.0423606035774865	96		success
2026-05-26 03:01	HypothesisH481GoldenCrossPSAR_ablpfBASELINE_pfON_20260526_021326	HypothesisH481GoldenCrossPSAR	BASELINE_pfON	0.026606980041606443	0.2821989188989672	-0.03282806832375462	76		success
2026-05-26 03:01	HypothesisH481GoldenCrossPSAR_ablpfA_kronos_only_pfON_20260526_021326	HypothesisH481GoldenCrossPSAR	A_kronos_only_pfON	0.026606980041606443	0.2821989188989672	-0.03282806832375462	76		success
2026-05-26 03:01	HypothesisH481GoldenCrossPSAR_ablpfB_experimental_only_pfON_20260526_021326	HypothesisH481GoldenCrossPSAR	B_experimental_only_pfON	0.013015358645955155	0.08856783671238584	-0.02837700353588335	96		success
2026-05-26 03:01	HypothesisH481GoldenCrossPSAR_ablpfC_kronos_plus_experimental_pfON_20260526_021326	HypothesisH481GoldenCrossPSAR	C_kronos_plus_experimental_pfON	0.013015358645955155	0.08856783671238584	-0.02837700353588335	96		success
2026-05-26 03:01	HypothesisH481GoldenCrossPSAR_ablpfD_kronos_plus_vr_pfON_20260526_021326	HypothesisH481GoldenCrossPSAR	D_kronos_plus_vr_pfON	-0.019067795779535213	-0.2563267168225033	-0.033782115955948155	42		success
2026-05-26 03:01	HypothesisH481GoldenCrossPSAR_ablpfE_kronos_plus_kyle_pfON_20260526_021326	HypothesisH481GoldenCrossPSAR	E_kronos_plus_kyle_pfON	-0.007701350719985345	-0.09393491744729669	-0.03319650992630141	48		success
2026-05-26 03:01	HypothesisH481GoldenCrossPSAR_ablpfF_kronos_plus_volaccel_pfON_20260526_021326	HypothesisH481GoldenCrossPSAR	F_kronos_plus_volaccel_pfON	-0.0021935211063506266	-0.09906030377161319	-0.028460394810929324	89		success
2026-05-26 03:01	HypothesisH481GoldenCrossPSAR_ablpfG_all_no_microstructure_pfON_20260526_021326	HypothesisH481GoldenCrossPSAR	G_all_no_microstructure_pfON	0.02934768309064384	0.3977077411455842	-0.01878088205797146	34		success
2026-05-26 03:01	HypothesisH481GoldenCrossPSAR_ablpfH_all_prefilter_aggressive_pfON_20260526_021326	HypothesisH481GoldenCrossPSAR	H_all_prefilter_aggressive_pfON	0.07005273547897528	0.5121801697015012	-0.03441942113008345	112		success
2026-05-26 03:01	HypothesisH481GoldenCrossPSAR_ablpfI_kronos_top2_noprefilter_pfON_20260526_021326	HypothesisH481GoldenCrossPSAR	I_kronos_top2_noprefilter_pfON	0.028418541982002887	0.3102041564691303	-0.0328280683237544	87		success
2026-05-26 03:01	HypothesisH481GoldenCrossPSAR_ablpfJ_minimal_kronos_core_pfON_20260526_021326	HypothesisH481GoldenCrossPSAR	J_minimal_kronos_core_pfON	0.028418541982002887	0.3102041564691303	-0.0328280683237544	87		success
2026-05-26 03:01	HypothesisH72AsymmetricRSIDrawdownShield_ablpfBASELINE_pfON_20260526_021326	HypothesisH72AsymmetricRSIDrawdownShield	BASELINE_pfON	0.023167608720835453	0.1320854021168378	-0.016820343651593794	39		success
2026-05-26 03:01	HypothesisH72AsymmetricRSIDrawdownShield_ablpfA_kronos_only_pfON_20260526_021326	HypothesisH72AsymmetricRSIDrawdownShield	A_kronos_only_pfON	0.022650632979293484	-0.27456863587890845	-0.03363289808071823	120		success
2026-05-26 03:01	HypothesisH72AsymmetricRSIDrawdownShield_ablpfB_experimental_only_pfON_20260526_021326	HypothesisH72AsymmetricRSIDrawdownShield	B_experimental_only_pfON	0.022650632979293484	-0.27456863587890845	-0.03363289808071823	120		success
2026-05-26 03:01	HypothesisH72AsymmetricRSIDrawdownShield_ablpfC_kronos_plus_experimental_pfON_20260526_021326	HypothesisH72AsymmetricRSIDrawdownShield	C_kronos_plus_experimental_pfON	0.022650632979293484	-0.27456863587890845	-0.03363289808071823	120		success
2026-05-26 03:01	HypothesisH72AsymmetricRSIDrawdownShield_ablpfD_kronos_plus_vr_pfON_20260526_021326	HypothesisH72AsymmetricRSIDrawdownShield	D_kronos_plus_vr_pfON	0.012371558890705403	-0.278532533231118	-0.029629933319227808	85		success
2026-05-26 03:01	HypothesisH72AsymmetricRSIDrawdownShield_ablpfE_kronos_plus_kyle_pfON_20260526_021326	HypothesisH72AsymmetricRSIDrawdownShield	E_kronos_plus_kyle_pfON	0.0172865660761361	-0.14830712526772943	-0.016778941860727592	61		success
2026-05-26 03:01	HypothesisH72AsymmetricRSIDrawdownShield_ablpfF_kronos_plus_volaccel_pfON_20260526_021326	HypothesisH72AsymmetricRSIDrawdownShield	F_kronos_plus_volaccel_pfON	0.012613551715618287	-0.2606254702227147	-0.018839415369255263	69		success
2026-05-26 03:01	HypothesisH72AsymmetricRSIDrawdownShield_ablpfG_all_no_microstructure_pfON_20260526_021326	HypothesisH72AsymmetricRSIDrawdownShield	G_all_no_microstructure_pfON	0.018208345345108068	0.07012023298692135	-0.016610442072800047	39		success
2026-05-26 03:01	HypothesisH72AsymmetricRSIDrawdownShield_ablpfH_all_prefilter_aggressive_pfON_20260526_021326	HypothesisH72AsymmetricRSIDrawdownShield	H_all_prefilter_aggressive_pfON	0.009147841203841045	-0.028322209542583174	-0.01978621087159338	37		success
2026-05-26 03:01	HypothesisH72AsymmetricRSIDrawdownShield_ablpfI_kronos_top2_noprefilter_pfON_20260526_021326	HypothesisH72AsymmetricRSIDrawdownShield	I_kronos_top2_noprefilter_pfON	0.018208345345108068	0.07012023298692135	-0.016610442072800047	39		success
2026-05-26 03:01	HypothesisH72AsymmetricRSIDrawdownShield_ablpfJ_minimal_kronos_core_pfON_20260526_021326	HypothesisH72AsymmetricRSIDrawdownShield	J_minimal_kronos_core_pfON	0.014215626071581111	-0.007603423914257205	-0.03131659312108315	40		success
2026-05-26 03:01	HypothesisH86WonhamMarkovRefinado_ablpfBASELINE_pfON_20260526_021326	HypothesisH86WonhamMarkovRefinado	BASELINE_pfON	-0.006343629032570908	-0.08751676392673156	-0.05142193012253504	41		success
2026-05-26 03:01	HypothesisH86WonhamMarkovRefinado_ablpfA_kronos_only_pfON_20260526_021326	HypothesisH86WonhamMarkovRefinado	A_kronos_only_pfON	-0.006343629032570908	-0.08751676392673156	-0.05142193012253504	41		success
2026-05-26 03:01	HypothesisH86WonhamMarkovRefinado_ablpfB_experimental_only_pfON_20260526_021326	HypothesisH86WonhamMarkovRefinado	B_experimental_only_pfON	-0.009828050530903076	-0.11822250715949854	-0.0549566280409598	53		success
2026-05-26 03:01	HypothesisH86WonhamMarkovRefinado_ablpfC_kronos_plus_experimental_pfON_20260526_021326	HypothesisH86WonhamMarkovRefinado	C_kronos_plus_experimental_pfON	0.012268127593255906	0.05214150161098932	-0.054558562693883705	37		success
2026-05-26 03:01	HypothesisH86WonhamMarkovRefinado_ablpfD_kronos_plus_vr_pfON_20260526_021326	HypothesisH86WonhamMarkovRefinado	D_kronos_plus_vr_pfON	0.012268127593255906	0.05214150161098932	-0.054558562693883705	37		success
2026-05-26 03:01	HypothesisH86WonhamMarkovRefinado_ablpfE_kronos_plus_kyle_pfON_20260526_021326	HypothesisH86WonhamMarkovRefinado	E_kronos_plus_kyle_pfON	0.012268127593255906	0.05214150161098932	-0.054558562693883705	37		success
2026-05-26 03:01	HypothesisH86WonhamMarkovRefinado_ablpfF_kronos_plus_volaccel_pfON_20260526_021326	HypothesisH86WonhamMarkovRefinado	F_kronos_plus_volaccel_pfON	-0.025536313132821786	-0.46963906819380014	-0.03965026898457191	38		success
2026-05-26 03:01	HypothesisH86WonhamMarkovRefinado_ablpfG_all_no_microstructure_pfON_20260526_021326	HypothesisH86WonhamMarkovRefinado	G_all_no_microstructure_pfON	0.018519141331270195	0.07887809485976503	-0.04065158787540868	43		success
2026-05-26 03:01	HypothesisH86WonhamMarkovRefinado_ablpfH_all_prefilter_aggressive_pfON_20260526_021326	HypothesisH86WonhamMarkovRefinado	H_all_prefilter_aggressive_pfON	-0.025536313132821786	-0.46963906819380014	-0.03965026898457191	38		success
2026-05-26 03:01	HypothesisH86WonhamMarkovRefinado_ablpfI_kronos_top2_noprefilter_pfON_20260526_021326	HypothesisH86WonhamMarkovRefinado	I_kronos_top2_noprefilter_pfON	0.006095046472693211	-0.016339014927612572	-0.05345938311126719	53		success
2026-05-26 03:01	HypothesisH86WonhamMarkovRefinado_ablpfJ_minimal_kronos_core_pfON_20260526_021326	HypothesisH86WonhamMarkovRefinado	J_minimal_kronos_core_pfON	-0.006343629032570908	-0.08751676392673156	-0.05142193012253504	41		success
2026-05-26 03:01	MultiTimeframeTrendSignal_ablpfBASELINE_pfON_20260526_021326	MultiTimeframeTrendSignal	BASELINE_pfON	0.0026132938303895514	0.06856922002616747	-0.04276143341872962	147		success
2026-05-26 03:01	MultiTimeframeTrendSignal_ablpfA_kronos_only_pfON_20260526_021326	MultiTimeframeTrendSignal	A_kronos_only_pfON	0.0026132938303895514	0.06856922002616747	-0.04276143341872962	147		success
2026-05-26 03:01	MultiTimeframeTrendSignal_ablpfB_experimental_only_pfON_20260526_021326	MultiTimeframeTrendSignal	B_experimental_only_pfON	-0.001173406530008525	0.03351207261699292	-0.03983006063155892	186		success
2026-05-26 03:01	MultiTimeframeTrendSignal_ablpfC_kronos_plus_experimental_pfON_20260526_021326	MultiTimeframeTrendSignal	C_kronos_plus_experimental_pfON	0.008803800959251484	0.12448003675774302	-0.03771035725954275	130		success
2026-05-26 03:01	MultiTimeframeTrendSignal_ablpfD_kronos_plus_vr_pfON_20260526_021326	MultiTimeframeTrendSignal	D_kronos_plus_vr_pfON	-0.001173406530008525	0.03351207261699292	-0.03983006063155892	186		success
2026-05-26 03:01	MultiTimeframeTrendSignal_ablpfE_kronos_plus_kyle_pfON_20260526_021326	MultiTimeframeTrendSignal	E_kronos_plus_kyle_pfON	0.008803800959251484	0.12448003675774302	-0.03771035725954275	130		success
2026-05-26 03:01	MultiTimeframeTrendSignal_ablpfF_kronos_plus_volaccel_pfON_20260526_021326	MultiTimeframeTrendSignal	F_kronos_plus_volaccel_pfON	-0.03361472384987185	-0.3392329719364815	-0.054143447594705574	165		success
2026-05-26 03:01	MultiTimeframeTrendSignal_ablpfG_all_no_microstructure_pfON_20260526_021326	MultiTimeframeTrendSignal	G_all_no_microstructure_pfON	-0.04813729940552458	-0.45095315768913674	-0.06872078172589202	142		success
2026-05-26 03:01	MultiTimeframeTrendSignal_ablpfH_all_prefilter_aggressive_pfON_20260526_021326	MultiTimeframeTrendSignal	H_all_prefilter_aggressive_pfON	-0.03361472384987185	-0.3392329719364815	-0.054143447594705574	165		success
2026-05-26 03:01	MultiTimeframeTrendSignal_ablpfI_kronos_top2_noprefilter_pfON_20260526_021326	MultiTimeframeTrendSignal	I_kronos_top2_noprefilter_pfON	-0.01569246195741336	-0.11291607118542533	-0.041684881803013996	169		success
2026-05-26 03:01	MultiTimeframeTrendSignal_ablpfJ_minimal_kronos_core_pfON_20260526_021326	MultiTimeframeTrendSignal	J_minimal_kronos_core_pfON	-0.03361472384987185	-0.3392329719364815	-0.054143447594705574	165		success
2026-05-26 03:01	TSIMeanReversion_ablpfBASELINE_pfON_20260526_021326	TSIMeanReversion	BASELINE_pfON	0.0833297558737025	0.4895627127042455	-0.05385529064523864	157		success
2026-05-26 03:01	TSIMeanReversion_ablpfA_kronos_only_pfON_20260526_021326	TSIMeanReversion	A_kronos_only_pfON	0.0833297558737025	0.4895627127042455	-0.05385529064523864	157		success
2026-05-26 03:01	TSIMeanReversion_ablpfB_experimental_only_pfON_20260526_021326	TSIMeanReversion	B_experimental_only_pfON	0.11480953361764934	0.6737017976513635	-0.0417420639002144	156		success
2026-05-26 03:01	TSIMeanReversion_ablpfC_kronos_plus_experimental_pfON_20260526_021326	TSIMeanReversion	C_kronos_plus_experimental_pfON	0.07367364116344666	0.4378711637028264	-0.04523045358665023	159		success
2026-05-26 03:01	TSIMeanReversion_ablpfD_kronos_plus_vr_pfON_20260526_021326	TSIMeanReversion	D_kronos_plus_vr_pfON	0.07367364116344666	0.4378711637028264	-0.04523045358665023	159		success
2026-05-26 03:01	TSIMeanReversion_ablpfE_kronos_plus_kyle_pfON_20260526_021326	TSIMeanReversion	E_kronos_plus_kyle_pfON	0.05138958763389545	0.2913952485747879	-0.051080568803740234	169		success
2026-05-26 03:01	TSIMeanReversion_ablpfF_kronos_plus_volaccel_pfON_20260526_021326	TSIMeanReversion	F_kronos_plus_volaccel_pfON	0.05138958763389545	0.2913952485747879	-0.051080568803740234	169		success
2026-05-26 03:01	TSIMeanReversion_ablpfG_all_no_microstructure_pfON_20260526_021326	TSIMeanReversion	G_all_no_microstructure_pfON	0.05138958763389545	0.2913952485747879	-0.051080568803740234	169		success
2026-05-26 03:01	TSIMeanReversion_ablpfH_all_prefilter_aggressive_pfON_20260526_021326	TSIMeanReversion	H_all_prefilter_aggressive_pfON	-0.04253116048023298	-0.37836946169964564	-0.10237843792725332	184		success
2026-05-26 03:01	TSIMeanReversion_ablpfI_kronos_top2_noprefilter_pfON_20260526_021326	TSIMeanReversion	I_kronos_top2_noprefilter_pfON	0.08199151803998794	0.44306003164214386	-0.04581655669063989	185		success
2026-05-26 03:01	TSIMeanReversion_ablpfJ_minimal_kronos_core_pfON_20260526_021326	TSIMeanReversion	J_minimal_kronos_core_pfON	0.006710006195567386	-0.010410135437673579	-0.04654743474243905	119		success
