date	config_id	strategy	variation	total_return	sharpe	max_drawdown	n_trades	status
2026-05-25 19:55	DualMovingAverageCrossover_fwA_short_20260525_193213	DualMovingAverageCrossover	A_short	-0.06297501226132862	-0.36660731420015513	-0.09338552830790092	116	success
2026-05-25 19:55	DualMovingAverageCrossover_fwB_baseline_20260525_193213	DualMovingAverageCrossover	B_baseline	-0.06297501226132862	-0.36660731420015513	-0.09338552830790092	116	success
2026-05-25 19:55	DualMovingAverageCrossover_fwC_long_20260525_193213	DualMovingAverageCrossover	C_long	-0.0521816445048513	-0.3517023628417438	-0.08125500876919778	99	success
2026-05-25 19:55	DualMovingAverageCrossover_fwD_verylong_20260525_193213	DualMovingAverageCrossover	D_verylong	-0.0521816445048513	-0.3517023628417438	-0.08125500876919778	99	success
2026-05-25 19:55	DualMovingAverageCrossover_fwE_asym_20260525_193213	DualMovingAverageCrossover	E_asym	-0.06297501226132862	-0.36660731420015513	-0.09338552830790092	116	success
2026-05-25 19:55	DualMovingAverageCrossover_fwF_entropy_bins5_20260525_193213	DualMovingAverageCrossover	F_entropy_bins5	-0.0521816445048513	-0.3517023628417438	-0.08125500876919778	99	success
2026-05-25 19:55	HypothesisH110BollingerKyleGate_fwA_short_20260525_193213	HypothesisH110BollingerKyleGate	A_short	-0.058765546871585084	-0.5135576640134111	-0.08090516640854706	125	success
2026-05-25 19:55	HypothesisH110BollingerKyleGate_fwB_baseline_20260525_193213	HypothesisH110BollingerKyleGate	B_baseline	0.06666107452580783	0.432405405592647	-0.06812221731019119	129	success
2026-05-25 19:55	HypothesisH110BollingerKyleGate_fwC_long_20260525_193213	HypothesisH110BollingerKyleGate	C_long	-0.0006192530897756177	-0.004547672496511517	-0.049745205212017196	122	success
2026-05-25 19:55	HypothesisH110BollingerKyleGate_fwD_verylong_20260525_193213	HypothesisH110BollingerKyleGate	D_verylong	-0.058765546871585084	-0.5135576640134111	-0.08090516640854706	125	success
2026-05-25 19:55	HypothesisH110BollingerKyleGate_fwE_asym_20260525_193213	HypothesisH110BollingerKyleGate	E_asym	-0.08798275071153538	-0.7414248298500565	-0.10880137657999966	104	success
2026-05-25 19:55	HypothesisH110BollingerKyleGate_fwF_entropy_bins5_20260525_193213	HypothesisH110BollingerKyleGate	F_entropy_bins5	0.06666107452580783	0.432405405592647	-0.06812221731019119	129	success
2026-05-25 19:55	HypothesisH136GoldenDeathCrossAsym_fwA_short_20260525_193213	HypothesisH136GoldenDeathCrossAsym	A_short	0.03190405087873227	0.4437364780101536	-0.026338497875141642	25	success
2026-05-25 19:55	HypothesisH136GoldenDeathCrossAsym_fwB_baseline_20260525_193213	HypothesisH136GoldenDeathCrossAsym	B_baseline	0.022504292633777068	0.23252877422171636	-0.01986727679139033	54	success
2026-05-25 19:55	HypothesisH136GoldenDeathCrossAsym_fwC_long_20260525_193213	HypothesisH136GoldenDeathCrossAsym	C_long	0.03190405087873227	0.4437364780101536	-0.026338497875141642	25	success
2026-05-25 19:55	HypothesisH136GoldenDeathCrossAsym_fwD_verylong_20260525_193213	HypothesisH136GoldenDeathCrossAsym	D_verylong	-0.010549666519785839	-0.1716635933238516	-0.023729467306956686	23	success
2026-05-25 19:55	HypothesisH136GoldenDeathCrossAsym_fwE_asym_20260525_193213	HypothesisH136GoldenDeathCrossAsym	E_asym	-0.021607412990152675	-0.4717181895497693	-0.02567789714921409	39	success
2026-05-25 19:55	HypothesisH136GoldenDeathCrossAsym_fwF_entropy_bins5_20260525_193213	HypothesisH136GoldenDeathCrossAsym	F_entropy_bins5	0.02518449182695326	0.27290176368112135	-0.021829330805094527	52	success
2026-05-25 19:55	HypothesisH167BollingerRangingOFIGate_fwA_short_20260525_193213	HypothesisH167BollingerRangingOFIGate	A_short	-0.03334206358813041	-0.3894901915794696	-0.04419986514956864	117	success
2026-05-25 19:55	HypothesisH167BollingerRangingOFIGate_fwB_baseline_20260525_193213	HypothesisH167BollingerRangingOFIGate	B_baseline	0.0358496903770853	0.19611525777393327	-0.04291715923405892	117	success
2026-05-25 19:55	HypothesisH167BollingerRangingOFIGate_fwC_long_20260525_193213	HypothesisH167BollingerRangingOFIGate	C_long	-0.06555601687952406	-0.6660467515866283	-0.07287858839068373	93	success
2026-05-25 19:55	HypothesisH167BollingerRangingOFIGate_fwD_verylong_20260525_193213	HypothesisH167BollingerRangingOFIGate	D_verylong	-0.03317150176906314	-0.29186085245991694	-0.04269428992410551	101	success
2026-05-25 19:55	HypothesisH167BollingerRangingOFIGate_fwE_asym_20260525_193213	HypothesisH167BollingerRangingOFIGate	E_asym	-0.02427514452494639	-0.2448750789936078	-0.04391816284458938	108	success
2026-05-25 19:55	HypothesisH167BollingerRangingOFIGate_fwF_entropy_bins5_20260525_193213	HypothesisH167BollingerRangingOFIGate	F_entropy_bins5	-0.02427514452494639	-0.2448750789936078	-0.04391816284458938	108	success
2026-05-25 19:55	HypothesisH203VolExpansionEntry_fwA_short_20260525_193213	HypothesisH203VolExpansionEntry	A_short	0.0761141642711789	0.4130620444916591	-0.039942592708127056	126	success
2026-05-25 19:55	HypothesisH203VolExpansionEntry_fwB_baseline_20260525_193213	HypothesisH203VolExpansionEntry	B_baseline	0.14564006904881843	0.7083454208737407	-0.029789853786572285	116	success
2026-05-25 19:55	HypothesisH203VolExpansionEntry_fwC_long_20260525_193213	HypothesisH203VolExpansionEntry	C_long	0.015767210017781252	0.03525655253046146	-0.0436927970314861	122	success
2026-05-25 19:55	HypothesisH203VolExpansionEntry_fwD_verylong_20260525_193213	HypothesisH203VolExpansionEntry	D_verylong	0.015767210017781252	0.03525655253046146	-0.0436927970314861	122	success
2026-05-25 19:55	HypothesisH203VolExpansionEntry_fwE_asym_20260525_193213	HypothesisH203VolExpansionEntry	E_asym	0.14564006904881843	0.7083454208737407	-0.029789853786572285	116	success
2026-05-25 19:55	HypothesisH203VolExpansionEntry_fwF_entropy_bins5_20260525_193213	HypothesisH203VolExpansionEntry	F_entropy_bins5	0.101777011556762	0.5453102467507219	-0.02218552710257815	116	success
2026-05-25 19:55	HypothesisH236MomentumReversalAsym_fwA_short_20260525_193213	HypothesisH236MomentumReversalAsym	A_short	0.028217185902813746	-0.014606909994770597	-0.07246914230559742	145	success
2026-05-25 19:55	HypothesisH236MomentumReversalAsym_fwB_baseline_20260525_193213	HypothesisH236MomentumReversalAsym	B_baseline	-0.018843016331712592	-0.28080538274094374	-0.06428502117822466	159	success
2026-05-25 19:55	HypothesisH236MomentumReversalAsym_fwC_long_20260525_193213	HypothesisH236MomentumReversalAsym	C_long	0.013038098055023761	-0.10783408877655935	-0.042902962706004466	183	success
2026-05-25 19:55	HypothesisH236MomentumReversalAsym_fwD_verylong_20260525_193213	HypothesisH236MomentumReversalAsym	D_verylong	0.028217185902813746	-0.014606909994770597	-0.07246914230559742	145	success
2026-05-25 19:55	HypothesisH236MomentumReversalAsym_fwE_asym_20260525_193213	HypothesisH236MomentumReversalAsym	E_asym	-0.018843016331712592	-0.28080538274094374	-0.06428502117822466	159	success
2026-05-25 19:55	HypothesisH236MomentumReversalAsym_fwF_entropy_bins5_20260525_193213	HypothesisH236MomentumReversalAsym	F_entropy_bins5	0.045459282352468655	0.18139556730794557	-0.04369277471125799	124	success
2026-05-25 19:55	HypothesisH318TrendlineChannelSqueeze_fwA_short_20260525_193213	HypothesisH318TrendlineChannelSqueeze	A_short	-0.021893177550507792	-0.1960156582384101	-0.055313359488312064	155	success
2026-05-25 19:55	HypothesisH318TrendlineChannelSqueeze_fwB_baseline_20260525_193213	HypothesisH318TrendlineChannelSqueeze	B_baseline	0.01430602043603546	0.08197519321357467	-0.057530419274737676	167	success
2026-05-25 19:55	HypothesisH318TrendlineChannelSqueeze_fwC_long_20260525_193213	HypothesisH318TrendlineChannelSqueeze	C_long	-0.021893177550507792	-0.1960156582384101	-0.055313359488312064	155	success
2026-05-25 19:55	HypothesisH318TrendlineChannelSqueeze_fwD_verylong_20260525_193213	HypothesisH318TrendlineChannelSqueeze	D_verylong	-0.037076973025465754	-0.3599853288194615	-0.05518531432109186	141	success
2026-05-25 19:55	HypothesisH318TrendlineChannelSqueeze_fwE_asym_20260525_193213	HypothesisH318TrendlineChannelSqueeze	E_asym	-0.01800054601441836	-0.1657738481291968	-0.06750075060150795	156	success
2026-05-25 19:55	HypothesisH318TrendlineChannelSqueeze_fwF_entropy_bins5_20260525_193213	HypothesisH318TrendlineChannelSqueeze	F_entropy_bins5	-0.01800054601441836	-0.1657738481291968	-0.06750075060150795	156	success
2026-05-25 19:55	HypothesisH371MaxMinDualTriggerFreq_fwA_short_20260525_193213	HypothesisH371MaxMinDualTriggerFreq	A_short	-0.017149398253310078	-0.8254355301925832	-0.024337852334676446	57	success
2026-05-25 19:55	HypothesisH371MaxMinDualTriggerFreq_fwB_baseline_20260525_193213	HypothesisH371MaxMinDualTriggerFreq	B_baseline	0.0025956169765086745	-0.043749871784104784	-0.006573752953434209	18	success
2026-05-25 19:55	HypothesisH371MaxMinDualTriggerFreq_fwC_long_20260525_193213	HypothesisH371MaxMinDualTriggerFreq	C_long	0.0025956169765086745	-0.043749871784104784	-0.006573752953434209	18	success
2026-05-25 19:55	HypothesisH371MaxMinDualTriggerFreq_fwD_verylong_20260525_193213	HypothesisH371MaxMinDualTriggerFreq	D_verylong	0.0028723976317839295	-0.09880573348203626	-0.025912735476503634	57	success
2026-05-25 19:55	HypothesisH371MaxMinDualTriggerFreq_fwE_asym_20260525_193213	HypothesisH371MaxMinDualTriggerFreq	E_asym	0.0025956169765086745	-0.043749871784104784	-0.006573752953434209	18	success
2026-05-25 19:55	HypothesisH371MaxMinDualTriggerFreq_fwF_entropy_bins5_20260525_193213	HypothesisH371MaxMinDualTriggerFreq	F_entropy_bins5	0.0016348619939301479	-0.09453061846575847	-0.013677537855596	24	success
2026-05-25 19:55	HypothesisH37DynamicGridInformedGate_fwA_short_20260525_193213	HypothesisH37DynamicGridInformedGate	A_short	0.05235246992198639	0.3401709230258677	-0.052178329553587366	94	success
2026-05-25 19:55	HypothesisH37DynamicGridInformedGate_fwB_baseline_20260525_193213	HypothesisH37DynamicGridInformedGate	B_baseline	0.08946899756261928	0.6164094563066514	-0.03458640645858746	87	success
2026-05-25 19:55	HypothesisH37DynamicGridInformedGate_fwC_long_20260525_193213	HypothesisH37DynamicGridInformedGate	C_long	0.10785628000170444	0.7801526866723266	-0.018180699363939734	78	success
2026-05-25 19:55	HypothesisH37DynamicGridInformedGate_fwD_verylong_20260525_193213	HypothesisH37DynamicGridInformedGate	D_verylong	0.0704378611361478	0.5132521203511962	-0.026318560758743947	66	success
2026-05-25 19:55	HypothesisH37DynamicGridInformedGate_fwE_asym_20260525_193213	HypothesisH37DynamicGridInformedGate	E_asym	0.059699648864017574	0.44408342346120827	-0.023704027363647406	72	success
2026-05-25 19:55	HypothesisH37DynamicGridInformedGate_fwF_entropy_bins5_20260525_193213	HypothesisH37DynamicGridInformedGate	F_entropy_bins5	0.08946899756261928	0.6164094563066514	-0.03458640645858746	87	success
2026-05-25 19:55	HypothesisH426RSIGarchBullBear_fwA_short_20260525_193213	HypothesisH426RSIGarchBullBear	A_short	0.007891339666936448	-0.013232226693736249	-0.026286274414384136	81	success
2026-05-25 19:55	HypothesisH426RSIGarchBullBear_fwB_baseline_20260525_193213	HypothesisH426RSIGarchBullBear	B_baseline	-0.030804236367928728	-0.35164658424638606	-0.057553115410406974	95	success
2026-05-25 19:55	HypothesisH426RSIGarchBullBear_fwC_long_20260525_193213	HypothesisH426RSIGarchBullBear	C_long	-0.013974112327674537	-0.21188471233229403	-0.03283507769965377	26	success
2026-05-25 19:55	HypothesisH426RSIGarchBullBear_fwD_verylong_20260525_193213	HypothesisH426RSIGarchBullBear	D_verylong	-0.010264377851186834	-0.32231221322815545	-0.014816668035345426	22	success
2026-05-25 19:55	HypothesisH426RSIGarchBullBear_fwE_asym_20260525_193213	HypothesisH426RSIGarchBullBear	E_asym	-0.010264377851186834	-0.32231221322815545	-0.014816668035345426	22	success
2026-05-25 19:55	HypothesisH426RSIGarchBullBear_fwF_entropy_bins5_20260525_193213	HypothesisH426RSIGarchBullBear	F_entropy_bins5	0.000616715343994434	-0.09531211828538129	-0.014289083543246095	17	success
2026-05-25 19:55	HypothesisH434MaxMinDualHorizon_fwA_short_20260525_193213	HypothesisH434MaxMinDualHorizon	A_short	0.0030943848986833	-0.05894376272606087	-0.0497554832577215	133	success
2026-05-25 19:55	HypothesisH434MaxMinDualHorizon_fwB_baseline_20260525_193213	HypothesisH434MaxMinDualHorizon	B_baseline	-0.008203472407603885	-0.16824834935239713	-0.03965372756373631	118	success
2026-05-25 19:55	HypothesisH434MaxMinDualHorizon_fwC_long_20260525_193213	HypothesisH434MaxMinDualHorizon	C_long	0.0420166163870721	0.2889111584045412	-0.02292510413727955	94	success
2026-05-25 19:55	HypothesisH434MaxMinDualHorizon_fwD_verylong_20260525_193213	HypothesisH434MaxMinDualHorizon	D_verylong	0.0420166163870721	0.2889111584045412	-0.02292510413727955	94	success
2026-05-25 19:55	HypothesisH434MaxMinDualHorizon_fwE_asym_20260525_193213	HypothesisH434MaxMinDualHorizon	E_asym	-0.02861807143945272	-0.31008447338644235	-0.07357616428619795	104	success
2026-05-25 19:55	HypothesisH434MaxMinDualHorizon_fwF_entropy_bins5_20260525_193213	HypothesisH434MaxMinDualHorizon	F_entropy_bins5	-0.009928978269423072	-0.1341301529261383	-0.029616877403987663	77	success
2026-05-25 19:55	HypothesisH481GoldenCrossPSAR_fwA_short_20260525_193213	HypothesisH481GoldenCrossPSAR	A_short	0.005519443522406187	0.057291356751390354	-0.04520073633527277	68	success
2026-05-25 19:55	HypothesisH481GoldenCrossPSAR_fwB_baseline_20260525_193213	HypothesisH481GoldenCrossPSAR	B_baseline	0.019697832002455673	0.23099914848827843	-0.028501127453078756	67	success
2026-05-25 19:55	HypothesisH481GoldenCrossPSAR_fwC_long_20260525_193213	HypothesisH481GoldenCrossPSAR	C_long	0.019697832002455673	0.23099914848827843	-0.028501127453078756	67	success
2026-05-25 19:55	HypothesisH481GoldenCrossPSAR_fwD_verylong_20260525_193213	HypothesisH481GoldenCrossPSAR	D_verylong	0.001042073923811726	0.009684749566155471	-0.027961285855189644	52	success
2026-05-25 19:55	HypothesisH481GoldenCrossPSAR_fwE_asym_20260525_193213	HypothesisH481GoldenCrossPSAR	E_asym	0.012548185227906572	0.15198704686402179	-0.0382395966766107	68	success
2026-05-25 19:55	HypothesisH481GoldenCrossPSAR_fwF_entropy_bins5_20260525_193213	HypothesisH481GoldenCrossPSAR	F_entropy_bins5	-0.000634680407628041	-0.0018526538932827044	-0.031243458854590234	64	success
2026-05-25 19:55	HypothesisH72AsymmetricRSIDrawdownShield_fwA_short_20260525_193213	HypothesisH72AsymmetricRSIDrawdownShield	A_short	0.03455493521223629	0.19903827679973948	-0.04273106788296077	113	success
2026-05-25 19:55	HypothesisH72AsymmetricRSIDrawdownShield_fwB_baseline_20260525_193213	HypothesisH72AsymmetricRSIDrawdownShield	B_baseline	0.03455493521223629	0.19903827679973948	-0.04273106788296077	113	success
2026-05-25 19:55	HypothesisH72AsymmetricRSIDrawdownShield_fwC_long_20260525_193213	HypothesisH72AsymmetricRSIDrawdownShield	C_long	-0.012788563756185756	-0.1615898899675839	-0.06524521942481354	161	success
2026-05-25 19:55	HypothesisH72AsymmetricRSIDrawdownShield_fwD_verylong_20260525_193213	HypothesisH72AsymmetricRSIDrawdownShield	D_verylong	0.021438425080716916	-0.04544877613407348	-0.030635504421180793	143	success
2026-05-25 19:55	HypothesisH72AsymmetricRSIDrawdownShield_fwE_asym_20260525_193213	HypothesisH72AsymmetricRSIDrawdownShield	E_asym	-0.03982692575200131	-0.2967745467849506	-0.07148239531271927	182	success
2026-05-25 19:55	HypothesisH72AsymmetricRSIDrawdownShield_fwF_entropy_bins5_20260525_193213	HypothesisH72AsymmetricRSIDrawdownShield	F_entropy_bins5	0.055385084492338255	0.443337483637959	-0.030560162668516355	80	success
2026-05-25 19:55	HypothesisH86WonhamMarkovRefinado_fwA_short_20260525_193213	HypothesisH86WonhamMarkovRefinado	A_short	-0.00012287070754468665	0.03949237957761633	-0.03215361780131898	56	success
2026-05-25 19:55	HypothesisH86WonhamMarkovRefinado_fwB_baseline_20260525_193213	HypothesisH86WonhamMarkovRefinado	B_baseline	-0.00012287070754468665	0.03949237957761633	-0.03215361780131898	56	success
2026-05-25 19:55	HypothesisH86WonhamMarkovRefinado_fwC_long_20260525_193213	HypothesisH86WonhamMarkovRefinado	C_long	-0.026038147590755956	-0.18696398751479945	-0.03370431232085713	63	success
2026-05-25 19:55	HypothesisH86WonhamMarkovRefinado_fwD_verylong_20260525_193213	HypothesisH86WonhamMarkovRefinado	D_verylong	-0.026529353784975007	-0.17479746992884312	-0.04391874856006173	53	success
2026-05-25 19:55	HypothesisH86WonhamMarkovRefinado_fwE_asym_20260525_193213	HypothesisH86WonhamMarkovRefinado	E_asym	-0.02739205940641598	-0.1831878802091568	-0.04136765821199295	61	success
2026-05-25 19:55	HypothesisH86WonhamMarkovRefinado_fwF_entropy_bins5_20260525_193213	HypothesisH86WonhamMarkovRefinado	F_entropy_bins5	-0.02739205940641598	-0.1831878802091568	-0.04136765821199295	61	success
2026-05-25 19:55	MultiTimeframeTrendSignal_fwA_short_20260525_193213	MultiTimeframeTrendSignal	A_short	-0.014175351079055876	-0.1295444343156566	-0.037710357259543414	143	success
2026-05-25 19:55	MultiTimeframeTrendSignal_fwB_baseline_20260525_193213	MultiTimeframeTrendSignal	B_baseline	-0.03197537219552016	-0.2659612985490592	-0.05917986038313816	166	success
2026-05-25 19:55	MultiTimeframeTrendSignal_fwC_long_20260525_193213	MultiTimeframeTrendSignal	C_long	-0.03197537219552016	-0.2659612985490592	-0.05917986038313816	166	success
2026-05-25 19:55	MultiTimeframeTrendSignal_fwD_verylong_20260525_193213	MultiTimeframeTrendSignal	D_verylong	-0.014175351079055876	-0.1295444343156566	-0.037710357259543414	143	success
2026-05-25 19:55	MultiTimeframeTrendSignal_fwE_asym_20260525_193213	MultiTimeframeTrendSignal	E_asym	-0.044728132248442076	-0.47714821759170345	-0.04889793894338179	159	success
2026-05-25 19:55	MultiTimeframeTrendSignal_fwF_entropy_bins5_20260525_193213	MultiTimeframeTrendSignal	F_entropy_bins5	-0.007272738508513621	-0.004697709370335234	-0.04911526160770918	135	success
2026-05-25 19:55	TSIMeanReversion_fwA_short_20260525_193213	TSIMeanReversion	A_short	0.061532587935624994	0.4352672701603773	-0.03163750544418997	103	success
2026-05-25 19:55	TSIMeanReversion_fwB_baseline_20260525_193213	TSIMeanReversion	B_baseline	0.0833297558737025	0.4895627127042455	-0.05385529064523864	157	success
2026-05-25 19:55	TSIMeanReversion_fwC_long_20260525_193213	TSIMeanReversion	C_long	0.03158751545435434	0.19795028176762436	-0.05379313652629192	102	success
2026-05-25 19:55	TSIMeanReversion_fwD_verylong_20260525_193213	TSIMeanReversion	D_verylong	-0.003857091449525951	-0.1302005851792054	-0.07594963374535313	174	success
2026-05-25 19:55	TSIMeanReversion_fwE_asym_20260525_193213	TSIMeanReversion	E_asym	0.013714001427533429	0.046280382414467816	-0.06477196411243258	108	success
2026-05-25 19:55	TSIMeanReversion_fwF_entropy_bins5_20260525_193213	TSIMeanReversion	F_entropy_bins5	0.0833297558737025	0.4895627127042455	-0.05385529064523864	157	success
