date	run_id	strategy	total_return	sharpe	max_drawdown	n_trades	description	status	commit
20260525_082525	baseline	HypothesisH37DynamicGridInformedGate	0.08946899756261928	0.6164094563066514	-0.03458640645858746	87	baseline	FAIL	0
20260525_082720	ofi_thresh_0.25	HypothesisH37DynamicGridInformedGate	0.066921071616731	0.4844611825941649	-0.028513377334606793	72	ofi_thresh_0.25	FAIL	0
20260525_082918	ofi_thresh_0.30	HypothesisH37DynamicGridInformedGate	0.066921071616731	0.4844611825941649	-0.028513377334606793	72	ofi_thresh_0.30	FAIL	0
20260525_083118	vpin_thresh_0.65	HypothesisH37DynamicGridInformedGate	0.08066058660665365	0.5621893297391661	-0.043086930294994774	95	vpin_thresh_0.65	FAIL	0
20260525_083317	ofi_0.25_vpin_0.65	HypothesisH37DynamicGridInformedGate	0.03120633742364709	0.2151038991345444	-0.04924860124931796	85	ofi_0.25_vpin_0.65	FAIL	0
20260525_083519	mk_no_trend_1.2	HypothesisH37DynamicGridInformedGate	0.05300581670631099	0.4938294919426965	-0.03151850786343635	67	mk_no_trend_1.2	FAIL	0
20260525_083725	mk_1.2_ofi_0.25	HypothesisH37DynamicGridInformedGate	0.05393337897320727	0.49941005938356553	-0.02957842070564254	64	mk_1.2_ofi_0.25	FAIL	0
20260525_083926	grid_period_28	HypothesisH37DynamicGridInformedGate	0.048177543045562876	0.3632082077714434	-0.03260888340968815	71	grid_period_28	FAIL	0
20260525_084145	grid_period_18	HypothesisH37DynamicGridInformedGate	-0.012169372417178859	-0.1285127972377428	-0.0639839922278338	89	grid_period_18	FAIL	0
20260525_084359	grid_mult_1.0	HypothesisH37DynamicGridInformedGate	-0.025477530828837303	-0.30584194822801564	-0.08112580782160383	95	grid_mult_1.0	FAIL	0
20260525_084632	ofi_0.30_mk_1.2	HypothesisH37DynamicGridInformedGate	0.05393337897320727	0.49941005938356553	-0.02957842070564254	64	ofi_0.30_mk_1.2	FAIL	0
20260525_084856	max_holding_24	HypothesisH37DynamicGridInformedGate	0.08946899756261928	0.6164094563066514	-0.03458640645858746	87	max_holding_24	FAIL	0
20260525_085129	pt_sl_2.0_1.2	HypothesisH37DynamicGridInformedGate	0.09664808909225386	0.8214839719120052	-0.020042218844662285	84	pt_sl_2.0_1.2	FAIL	0
20260525_085400	risk_frac_0.015	HypothesisH37DynamicGridInformedGate	0.09128861963274182	0.6216678724046384	-0.0364353341806386	87	risk_frac_0.015	FAIL	0
20260525_085632	ofi_0.30_vpin_0.65_mk_1.2	HypothesisH37DynamicGridInformedGate	-0.04809513360005779	-0.4871595311402022	-0.08082134947613662	85	ofi_0.30_vpin_0.65_mk_1.2	FAIL	0
20260525_100148	i01	HypothesisH37DynamicGridInformedGate	0.089500	0.089500	-0.034600	87	ofi=0.1792,vpin=0.5901,gp=23,gm=1.3987,mk=1.4255	FAIL	0
20260525_100148	i02	HypothesisH37DynamicGridInformedGate	0.078700	0.556200	-0.050500	84	ofi=0.1,vpin=0.5901,gp=23,gm=1.3987,mk=1.4255	FAIL	0
20260525_100148	i03	HypothesisH37DynamicGridInformedGate	0.026500	0.203000	-0.049300	70	ofi=0.1792,vpin=0.4,gp=23,gm=1.3987,mk=1.4255	FAIL	0
20260525_100148	i04	HypothesisH37DynamicGridInformedGate	0.052100	0.440300	-0.048600	65	ofi=0.1,vpin=0.4,gp=23,gm=1.3987,mk=1.4255	FAIL	0
20260525_100148	i05	HypothesisH37DynamicGridInformedGate	0.081100	0.621200	-0.027900	86	ofi=0.1792,vpin=0.5901,gp=15,gm=1.3987,mk=1.4255	FAIL	0
20260525_100148	i06	HypothesisH37DynamicGridInformedGate	-0.048100	-0.487200	-0.080800	85	ofi=0.1792,vpin=0.5901,gp=23,gm=0.9,mk=1.4255	FAIL	0
20260525_100148	i07	HypothesisH37DynamicGridInformedGate	-0.034000	-0.624900	-0.043500	33	ofi=0.1,vpin=0.4,gp=15,gm=0.9,mk=1.4255	FAIL	0
20260525_100148	i08	HypothesisH37DynamicGridInformedGate	0.092300	0.939700	-0.017200	62	ofi=0.1792,vpin=0.5901,gp=23,gm=1.3987,mk=0.9	FAIL	0
20260525_100148	i09	HypothesisH37DynamicGridInformedGate	-0.023600	-0.463600	-0.024800	34	ofi=0.05,vpin=0.3,gp=12,gm=0.8,mk=0.8	FAIL	0
20260525_100148	i10	HypothesisH37DynamicGridInformedGate	0.021400	0.155500	-0.050700	74	ofi=0.1792,vpin=0.25,gp=23,gm=1.3987,mk=1.4255	FAIL	0
20260525_100148	i11	HypothesisH37DynamicGridInformedGate	0.039300	0.348700	-0.039800	50	ofi=0.05,vpin=0.3,gp=23,gm=1.3987,mk=1.4255	FAIL	0
20260525_100148	i12	HypothesisH37DynamicGridInformedGate	0.030700	0.785700	-0.006500	20	ofi=0.01,vpin=0.5901,gp=23,gm=1.3987,mk=1.4255	FAIL	0
20260525_100148	i13	HypothesisH37DynamicGridInformedGate	0.056600	0.705500	-0.020600	38	ofi=0.1792,vpin=0.5901,gp=23,gm=1.3987,mk=0.7	FAIL	0
20260525_100148	i14	HypothesisH37DynamicGridInformedGate	0.052400	0.421500	-0.043900	74	ofi=0.1792,vpin=0.5901,gp=10,gm=1.3987,mk=1.4255	FAIL	0
20260525_100148	i15	HypothesisH37DynamicGridInformedGate	-0.113800	-1.346000	-0.114500	47	ofi=0.1792,vpin=0.5901,gp=23,gm=0.7,mk=1.4255	FAIL	0
20260525_100148	i16	HypothesisH37DynamicGridInformedGate	0.002300	0.247900	-0.001500	3	ofi=0.01,vpin=0.2,gp=10,gm=0.7,mk=0.7	FAIL	0
20260525_100148	i17	HypothesisH37DynamicGridInformedGate	0.078700	0.556200	-0.050500	84	ofi=0.1,vpin=0.5901,gp=23,gm=1.3987,mk=1.4255	FAIL	0
20260525_100148	i18	HypothesisH37DynamicGridInformedGate	0.090500	0.666200	-0.028700	73	ofi=0.15,vpin=0.5901,gp=23,gm=1.3987,mk=1.4255	FAIL	0
20260525_100148	i19	HypothesisH37DynamicGridInformedGate	0.081100	0.621200	-0.027900	86	ofi=0.1792,vpin=0.5901,gp=15,gm=1.3987,mk=1.4255	FAIL	0
20260525_100148	i20	HypothesisH37DynamicGridInformedGate	-0.012200	-0.128500	-0.064000	89	ofi=0.1792,vpin=0.5901,gp=18,gm=1.3987,mk=1.4255	FAIL	0
20260525_100148	i21	HypothesisH37DynamicGridInformedGate	0.125800	0.937300	-0.033100	67	ofi=0.1792,vpin=0.5,gp=23,gm=1.3987,mk=1.4255	FAIL	0
20260525_100148	i22	HypothesisH37DynamicGridInformedGate	0.094400	0.806200	-0.020500	64	ofi=0.1,vpin=0.5,gp=15,gm=1.3987,mk=1.2	FAIL	0
